,months,id,year
0,['May'],1591721298-8579,[1888]
1,['May'],1591721298-8586,[1888]
2,['June'],1591721298-8897,[1890]
3,[],1591721298-8520,[1887]
4,"['June', 'July']",1591721298-8261,[1885]
5,['October'],1591721298-8662,[1888]
6,['September'],1591721298-8765,[1889]
7,[],1591721298-8528,[1887]
8,['July'],1591721298-8943,[1890]
9,['June'],1591721298-8903,[1890]
10,['October'],1591721298-8800,[1889]
11,['May'],1591721298-8582,[1888]
12,['July'],1591721298-8758,[1889]
13,['September'],1591721298-8768,[1889]
14,['July'],1591721298-8264,[1885]
15,['March'],1591721298-8221,[1885]
16,['March'],1591721298-9150,[1883]
17,['December'],1591721298-8834,[1889]
18,[],1591721298-8370,[1886]
19,['September'],1591721298-9159,[1883]
20,['June'],1591721298-8892,[1890]
21,[],1591721298-8360,[1886]
22,['May'],1591721298-9088,[1889]
23,['May'],1591721298-8881,[1890]
24,['February'],1591721298-8852,[1890]
25,[],1591721298-8421,[1887]
26,['August'],1591721298-8624,[1888]
27,['November'],1591721298-8812,[1889]
28,[],1591721298-8459,[1887]
29,[],1591721298-8387,[1886]
30,['September'],1591721298-9109,[1881]
31,[],1591721298-9070,[1887]
32,['July'],1591721298-8933,[1890]
33,['September'],1591721298-9066,[1885]
34,['March'],1591721298-8559,[1888]
35,['June'],1591721298-8604,[1888]
36,['November'],1591721298-8677,[1888]
37,[],1591721298-8451,[1887]
38,['May'],1591721298-8867,[1890]
39,['July'],1591721298-8953,[1890]
40,['June'],1591721298-8253,[1885]
41,['May'],1591721298-9098,[1890]
42,[],1591721298-8486,[1887]
43,[],1591721298-8389,[1886]
44,['August'],1591721298-8111,[1883]
45,['June'],1591721298-8605,[1888]
46,['December'],1591721298-8317,[1885]
47,['August'],1591721298-8272,[1885]
48,['July'],1591721298-8135,[1884]
49,['April'],1591721298-8230,[1885]
50,['September'],1591721298-8289,[1885]
51,[],1591721298-8372,[1886]
52,[],1591721298-8493,[1887]
53,[],1591721298-8428,[1887]
54,['August'],1591721298-8269,[1885]
55,['April'],1591721298-8734,[1889]
56,['October'],1591721298-8791,[1889]
57,['October'],1591721298-8297,[1885]
58,[],1591721298-8436,[1887]
59,['July'],1591721298-8616,[1888]
60,['September'],1591721298-8646,[1888]
61,['November'],1591721298-8820,[1889]
62,[],1591721298-8346,[1886]
63,['March'],1591721298-8561,[1888]
64,['April'],1591721298-8235,[1885]
65,['September'],1591721298-8291,[1885]
66,['February'],1591721298-8122,[1884]
67,['September'],1591721298-8788,[1889]
68,['August'],1591721298-8088,[1882]
69,['September'],1591721298-8141,[1884]
70,[],1591721298-8500,[1887]
71,['April'],1591721298-8569,[1888]
72,[],1591721298-8519,[1887]
73,[],1591721298-8330,[1886]
74,[],1591721298-8544,[1887]
75,['September'],1591721298-8778,[1889]
76,['December'],1591721298-8692,[1888]
77,['October'],1591721298-8968,[1881]
78,['July'],1591721298-8265,[1885]
79,['April'],1591721298-9189,[1888]
80,['October'],1591721298-8300,[1885]
81,[],1591721298-8438,[1887]
82,['July'],1591721298-9157,[1883]
83,['June'],1591721298-8606,[1888]
84,['October'],1591721298-8657,[1888]
85,['October'],1591721298-8978,[1881]
86,['February'],1591721298-8855,[1890]
87,[],1591721298-8377,[1886]
88,['March'],1591721298-8562,[1888]
89,['December'],1591721298-9049,[1883]
90,[],1591721298-8542,[1887]
91,[],1591721298-8433,[1887]
92,[],1591721298-8535,[1887]
93,['October'],1591721298-8667,[1888]
94,['October'],1591721298-8971,[1881]
95,['March'],1591721298-9030,[1883]
96,['August'],1591721298-8270,[1885]
97,['November'],1591721298-8157,[1884]
98,[],1591721298-8408,[1886]
99,['June'],1591721298-8601,[1888]
100,['February'],1591721298-8994,[1882]
101,['September'],1591721298-8963,[1881]
102,[],1591721298-8405,[1886]
103,[],1591721298-8487,[1887]
104,['September'],1591721298-8647,[1888]
105,[],1591721298-8467,[1887]
106,['October'],1591721298-8146,[1884]
107,"['March', 'April']",1591721298-8859,[1890]
108,['December'],1591721298-9060,[1884]
109,['December'],1591721298-9028,[1882]
110,[],1591721298-8381,[1886]
111,['January'],1591721298-8717,[1889]
112,['December'],1591721298-9047,[1883]
113,[],1591721298-8545,[1887]
114,['August'],1591721298-8635,[1888]
115,[],1591721298-8543,[1887]
116,['May'],1591721298-9182,[1885]
117,['June'],1591721298-8600,[1888]
118,['September'],1591721298-8779,[1889]
119,[],1591721298-8481,[1887]
120,['July'],1591721298-8137,[1884]
121,['August'],1591721298-8620,[1888]
122,['August'],1591721298-8639,[1888]
123,['December'],1591721298-8840,[1889]
124,['November'],1591721298-8680,[1888]
125,['September'],1591721298-8650,[1888]
126,[],1591721298-8422,[1887]
127,['April'],1591721298-8572,[1888]
128,['June'],1591721298-9229,[1890]
129,['December'],1591721298-8700,[1888]
130,[],1591721298-8468,[1887]
131,['August'],1591721298-8764,[1889]
132,['October'],1591721298-8302,[1885]
133,['June'],1591721298-8744,[1889]
134,[],1591721298-8483,[1887]
135,['November'],1591721298-8818,[1889]
136,['October'],1591721298-8299,[1885]
137,[],1591721298-8502,[1887]
138,['March'],1591721298-9147,[1883]
139,['December'],1591721298-8839,[1889]
140,['June'],1591721298-8258,[1885]
141,['June'],1591721298-8747,[1889]
142,['April'],1591721298-9077,[1888]
143,['September'],1591721298-8648,[1888]
144,['October'],1591721298-8666,[1888]
145,['June'],1591721298-8911,[1890]
146,['July'],1591721298-9155,[1883]
147,['November'],1591721298-8158,[1884]
148,['January'],1591721298-8184,[1885]
149,['September'],1591721298-9084,[1888]
150,['April'],1591721298-8729,[1889]
151,['May'],1591721298-9195,[1888]
152,['September'],1591721298-9110,[1881]
153,['September'],1591721298-8278,[1885]
154,['February'],1591721298-8195,[1885]
155,['December'],1591721298-9048,[1883]
156,['April'],1591721298-8566,[1888]
157,['June'],1591721298-8912,[1890]
158,[],1591721298-8547,[1888]
159,[],1591721298-8480,[1887]
160,['May'],1591721298-8885,[1890]
161,['May'],1591721298-8869,[1890]
162,"['April', 'May']",1591721298-8995,[1882]
163,['January'],1591721298-8705,[1889]
164,['July'],1591721298-8759,[1889]
165,[],1591721298-8440,[1887]
166,['August'],1591721298-8636,[1888]
167,[],1591721298-8476,[1887]
168,[],1591721298-8425,[1887]
169,['January'],1591721298-9051,[1884]
170,['November'],1591721298-9103,[1882]
171,['October'],1591721298-8669,[1888]
172,['July'],1591721298-8945,[1890]
173,['June'],1591721298-8927,[1890]
174,[],1591721298-8434,[1887]
175,[],1591721298-8350,[1886]
176,['May'],1591721298-8870,[1890]
177,[],1591721298-8396,[1886]
178,['September'],1591721298-8769,[1889]
179,['August'],1591721298-9134,[1882]
180,['June'],1591721298-8610,[1888]
181,['June'],1591721298-9198,[1888]
182,[],1591721298-8418,[1887]
183,[],1591721298-8344,[1886]
184,['October'],1591721298-8668,[1888]
185,[],1591721298-8385,[1886]
186,['April'],1591721298-8725,[1889]
187,['February'],1591721298-8196,[1885]
188,['October'],1591721298-9215,[1888]
189,['August'],1591721298-8105,[1883]
190,['March'],1591721298-9128,[1882]
191,"['August', 'September']",1591721298-8140,[1884]
192,[],1591721298-8450,[1887]
193,['June'],1591721298-8751,[1889]
194,"['November', 'December']",1591721298-8681,[1888]
195,['April'],1591721298-8724,[1889]
196,['October'],1591721298-8117,[1883]
197,[],1591721298-8392,[1886]
198,['December'],1591721298-9121,[1881]
199,['June'],1591721298-8592,[1888]
200,['January'],1591721298-9167,[1884]
201,['June'],1591721298-8609,[1888]
202,['November'],1591721298-8824,[1889]
203,['June'],1591721298-8597,[1888]
204,['December'],1591721298-9044,[1883]
205,['June'],1591721298-8250,[1885]
206,[],1591721298-8384,[1886]
207,['April'],1591721298-8237,[1885]
208,['September'],1591721298-8787,[1889]
209,['November'],1591721298-8816,[1889]
210,[],1591721298-8470,[1887]
211,['July'],1591721298-9106,[1883]
212,[],1591721298-8442,[1887]
213,['October'],1591721298-8798,[1889]
214,['October'],1591721298-8797,[1889]
215,['August'],1591721298-8099,[1882]
216,"['November', 'December']",1591721298-8685,[1888]
217,[],1591721298-8516,[1887]
218,['March'],1591721298-8555,[1888]
219,['January'],1591721298-8188,[1885]
220,['September'],1591721298-8781,[1889]
221,['February'],1591721298-8856,[1890]
222,['October'],1591721298-8974,[1881]
223,['June'],1591721298-8905,[1890]
224,['October'],1591721298-9210,[1888]
225,['May'],1591721298-9087,[1889]
226,[],1591721298-9008,[1882]
227,['May'],1591721298-9089,[1889]
228,[],1591721298-8541,[1887]
229,['November'],1591721298-9217,[1888]
230,['July'],1591721298-8948,[1890]
231,['September'],1591721298-9010,[1882]
232,['November'],1591721298-9042,[1883]
233,['August'],1591721298-8273,[1885]
234,['October'],1591721298-9162,[1883]
235,['May'],1591721298-8585,[1888]
236,[],1591721298-8410,[1886]
237,[],1591721298-8333,[1886]
238,['April'],1591721298-8238,[1885]
239,[],1591721298-9068,[1886]
240,['July'],1591721298-8941,[1890]
241,[],1591721298-8454,[1887]
242,[],1591721298-8515,[1887]
243,['December'],1591721298-8835,[1889]
244,[],1591721298-8323,[1886]
245,[],1591721298-8492,[1887]
246,[],1591721298-8328,[1886]
247,[],1591721298-8497,[1887]
248,['August'],1591721298-8106,[1883]
249,['May'],1591721298-8127,[1884]
250,['March'],1591721298-8552,[1888]
251,['April'],1591721298-8565,[1888]
252,['May'],1591721298-8874,[1890]
253,['December'],1591721298-8832,[1889]
254,['October'],1591721298-9163,[1883]
255,['December'],1591721298-8989,[1881]
256,['February'],1591721298-8857,[1890]
257,['January'],1591721298-9052,[1884]
258,['May'],1591721298-8739,[1889]
259,['June'],1591721298-9197,[1888]
260,['July'],1591721298-8615,[1888]
261,['October'],1591721298-8792,[1889]
262,['September'],1591721298-8655,[1888]
263,['April'],1591721298-9179,[1885]
264,[],1591721298-8506,[1887]
265,['January'],1591721298-8713,[1889]
266,['August'],1591721298-8268,[1885]
267,['January'],1591721298-8180,[1885]
268,['July'],1591721298-8138,[1884]
269,['April'],1591721298-8236,[1885]
270,[],1591721298-8462,[1887]
271,['December'],1591721298-9045,[1883]
272,[],1591721298-8351,[1886]
273,[],1591721298-8366,[1886]
274,['September'],1591721298-9036,[1883]
275,['September'],1591721298-9093,[1889]
276,['September'],1591721298-8783,[1889]
277,[],1591721298-8444,[1887]
278,['September'],1591721298-8767,[1889]
279,['December'],1591721298-8320,[1885]
280,[],1591721298-8399,[1886]
281,[],1591721298-8448,[1887]
282,['September'],1591721298-9137,[1882]
283,['August'],1591721298-8626,[1888]
284,[],1591721298-8460,[1887]
285,['September'],1591721298-9017,[1882]
286,['December'],1591721298-8691,[1888]
287,['July'],1591721298-8936,[1890]
288,['December'],1591721298-8694,[1888]
289,['May'],1591721298-8244,[1885]
290,['December'],1591721298-8987,[1881]
291,"['April', 'May']",1591721298-8864,[1890]
292,['August'],1591721298-8274,[1885]
293,['June'],1591721298-8745,[1889]
294,"['February', 'March']",1591721298-8201,[1885]
295,['December'],1591721298-9086,[1888]
296,['November'],1591721298-8164,[1884]
297,[],1591721298-8538,[1887]
298,['July'],1591721298-9232,[1890]
299,['June'],1591721298-8895,[1890]
300,['July'],1591721298-8617,[1888]
301,['November'],1591721298-9216,[1888]
302,['November'],1591721298-8160,[1884]
303,['July'],1591721298-8947,[1890]
304,['August'],1591721298-8628,[1888]
305,['June'],1591721298-8259,[1885]
306,['October'],1591721298-8807,[1889]
307,['November'],1591721298-8815,[1889]
308,['October'],1591721298-8660,[1888]
309,['September'],1591721298-8649,[1888]
310,['July'],1591721298-8944,[1890]
311,['July'],1591721298-8618,[1888]
312,[],1591721298-8354,[1886]
313,['October'],1591721298-8984,[1881]
314,[],1591721298-8524,[1887]
315,"['March', 'April']",1591721298-8226,[1885]
316,['August'],1591721298-8641,[1888]
317,['April'],1591721298-8730,[1889]
318,['September'],1591721298-9015,[1882]
319,['February'],1591721298-8550,[1888]
320,['June'],1591721298-9153,[1883]
321,['October'],1591721298-8803,[1889]
322,['April'],1591721298-8233,[1885]
323,['December'],1591721298-8315,[1885]
324,[],1591721298-8406,[1886]
325,['September'],1591721298-8652,[1888]
326,['July'],1591721298-8931,[1888]
327,['May'],1591721298-8877,[1890]
328,['April'],1591721298-8568,[1888]
329,['July'],1591721298-9131,[1882]
330,['October'],1591721298-9118,[1881]
331,['June'],1591721298-8896,[1890]
332,[],1591721298-8365,[1886]
333,['September'],1591721298-9140,[1882]
334,['April'],1591721298-8722,[1889]
335,"['June', 'July']",1591721298-8929,[1890]
336,['January'],1591721298-8192,[1885]
337,[],1591721298-8397,[1886]
338,[],1591721298-8471,[1887]
339,[],1591721298-8419,[1887]
340,['June'],1591721298-8598,[1888]
341,['October'],1591721298-9115,[1881]
342,['November'],1591721298-9102,[1882]
343,['December'],1591721298-8833,[1889]
344,['August'],1591721298-8629,[1888]
345,['December'],1591721298-8167,[1884]
346,"['June', 'July']",1591721298-8260,[1885]
347,[],1591721298-8430,[1887]
348,['July'],1591721298-8930,[1890]
349,['August'],1591721298-8631,[1888]
350,['February'],1591721298-8850,[1890]
351,['June'],1591721298-9230,[1890]
352,[],1591721298-9072,[1887]
353,['May'],1591721298-8873,[1890]
354,['September'],1591721298-8286,[1885]
355,[],1591721298-8424,[1887]
356,['November'],1591721298-9185,[1885]
357,[],1591721298-8498,[1887]
358,['June'],1591721298-8904,[1890]
359,['November'],1591721298-8165,[1884]
360,['August'],1591721298-8763,[1889]
361,[],1591721298-8510,[1887]
362,[],1591721298-8352,[1886]
363,['January'],1591721298-8716,[1889]
364,['June'],1591721298-8746,[1889]
365,['October'],1591721298-8970,[1881]
366,['June'],1591721298-9199,[1888]
367,['June'],1591721298-8255,[1885]
368,['January'],1591721298-8847,[1890]
369,['May'],1591721298-8878,[1890]
370,['August'],1591721298-8090,[1882]
371,['August'],1591721298-9133,[1882]
372,['February'],1591721298-8199,[1885]
373,['May'],1591721298-8131,[1884]
374,['May'],1591721298-9096,[1890]
375,[],1591721298-8383,[1886]
376,['August'],1591721298-8087,[1882]
377,['November'],1591721298-8119,[1883]
378,['July'],1591721298-8951,[1890]
379,['September'],1591721298-8782,[1889]
380,['July'],1591721298-9233,[1890]
381,['September'],1591721298-8282,[1885]
382,[],1591721298-8499,[1887]
383,"['March', 'April']",1591721298-8860,[1890]
384,['September'],1591721298-8143,[1884]
385,['March'],1591721298-8214,[1885]
386,[],1591721298-8339,[1886]
387,[],1591721298-8388,[1886]
388,[],1591721298-8369,[1886]
389,['April'],1591721298-9220,[1889]
390,['July'],1591721298-8999,[1882]
391,"['April', 'May']",1591721298-8125,[1884]
392,['August'],1591721298-8107,[1883]
393,['March'],1591721298-8553,[1888]
394,['March'],1591721298-8211,[1885]
395,['October'],1591721298-9160,[1883]
396,['August'],1591721298-8632,[1888]
397,['September'],1591721298-8643,[1888]
398,[],1591721298-8518,[1887]
399,['November'],1591721298-8670,[1888]
400,['June'],1591721298-8910,[1890]
401,[],1591721298-9043,[1883]
402,['May'],1591721298-8240,[1885]
403,['May'],1591721298-8735,[1889]
404,['October'],1591721298-9094,[1889]
405,['September'],1591721298-9141,[1882]
406,['January'],1591721298-8710,[1889]
407,['September'],1591721298-8770,[1889]
408,['August'],1591721298-9064,[1885]
409,"['February', 'March']",1591721298-8205,[1885]
410,['February'],1591721298-8854,[1890]
411,['June'],1591721298-8749,[1889]
412,['June'],1591721298-9228,[1890]
413,['November'],1591721298-8985,[1881]
414,['November'],1591721298-9027,[1882]
415,['May'],1591721298-9194,[1888]
416,['September'],1591721298-9113,[1881]
417,['April'],1591721298-8728,[1889]
418,['November'],1591721298-8809,[1889]
419,[],1591721298-8386,[1886]
420,['September'],1591721298-9013,[1882]
421,['March'],1591721298-9176,[1885]
422,['July'],1591721298-9083,[1888]
423,['November'],1591721298-9099,[1882]
424,['December'],1591721298-8314,[1885]
425,[],1591721298-8489,[1887]
426,[],1591721298-8464,[1887]
427,['April'],1591721298-9178,[1885]
428,['November'],1591721298-8311,[1885]
429,['January'],1591721298-8189,[1885]
430,[],1591721298-8503,[1887]
431,['February'],1591721298-8853,[1890]
432,['January'],1591721298-8179,[1885]
433,['October'],1591721298-8794,[1889]
434,['December'],1591721298-8837,[1889]
435,[],1591721298-9186,[1887]
436,[],1591721298-8453,[1887]
437,['August'],1591721298-8096,[1882]
438,"['September', 'October']",1591721298-9023,[1882]
439,[],1591721298-8326,[1886]
440,['August'],1591721298-8630,[1888]
441,['March'],1591721298-8719,[1889]
442,['September'],1591721298-9206,[1888]
443,['February'],1591721298-8197,[1885]
444,['December'],1591721298-8697,[1888]
445,['May'],1591721298-9097,[1890]
446,['November'],1591721298-8166,[1884]
447,"['March', 'April']",1591721298-8564,[1888]
448,['May'],1591721298-8243,[1885]
449,[],1591721298-8371,[1886]
450,['November'],1591721298-8153,[1884]
451,"['October', 'November']",1591721298-8306,[1885]
452,['September'],1591721298-8966,[1881]
453,['November'],1591721298-8679,[1888]
454,[],1591721298-8324,[1886]
455,['May'],1591721298-8882,[1890]
456,['November'],1591721298-8814,[1889]
457,['October'],1591721298-8983,[1881]
458,[],1591721298-8390,[1886]
459,[],1591721298-8362,[1886]
460,['June'],1591721298-8915,[1890]
461,"['November', 'December']",1591721298-8826,[1889]
462,['June'],1591721298-8913,[1890]
463,['September'],1591721298-8773,[1889]
464,['January'],1591721298-8183,[1885]
465,['May'],1591721298-8886,[1890]
466,[],1591721298-8478,[1887]
467,"['November', 'December']",1591721298-8689,[1888]
468,['June'],1591721298-8590,[1888]
469,['March'],1591721298-9031,[1883]
470,"['October', 'November']",1591721298-8307,[1885]
471,[],1591721298-8414,[1886]
472,['August'],1591721298-8098,[1882]
473,"['September', 'October']",1591721298-8293,[1885]
474,['October'],1591721298-9143,[1882]
475,['October'],1591721298-9095,[1889]
476,['December'],1591721298-8701,[1888]
477,['April'],1591721298-8721,[1889]
478,['July'],1591721298-9003,[1882]
479,['March'],1591721298-9175,[1885]
480,['April'],1591721298-9219,[1889]
481,[],1591721298-8533,[1887]
482,[],1591721298-8501,[1887]
483,['September'],1591721298-8653,[1888]
484,['September'],1591721298-8645,[1888]
485,[],1591721298-8401,[1886]
486,"['July', 'August']",1591721298-8267,[1885]
487,[],1591721298-8532,[1887]
488,[],1591721298-8446,[1887]
489,['April'],1591721298-8239,[1885]
490,"['September', 'October']",1591721298-9022,[1882]
491,['October'],1591721298-8116,[1883]
492,['October'],1591721298-9039,[1883]
493,['July'],1591721298-8133,[1884]
494,[],1591721298-8345,[1886]
495,[],1591721298-8511,[1887]
496,['June'],1591721298-8906,[1890]
497,['November'],1591721298-8672,[1888]
498,['June'],1591721298-9200,[1888]
499,['August'],1591721298-9058,[1884]
500,['October'],1591721298-9208,[1888]
501,['October'],1591721298-9213,[1888]
502,['June'],1591721298-8909,[1890]
503,[],1591721298-8368,[1886]
504,[],1591721298-8338,[1886]
505,"['March', 'April']",1591721298-8227,[1885]
506,['August'],1591721298-9062,[1885]
507,['July'],1591721298-9130,[1882]
508,['November'],1591721298-8155,[1884]
509,['May'],1591721298-8581,[1888]
510,[],1591721298-8400,[1886]
511,[],1591721298-8508,[1887]
512,['August'],1591721298-8094,[1882]
513,[],1591721298-8522,[1887]
514,['May'],1591721298-8126,[1884]
515,['October'],1591721298-8973,[1881]
516,"['April', 'May']",1591721298-8578,[1888]
517,['May'],1591721298-9034,[1883]
518,[],1591721298-8529,[1887]
519,"['November', 'December']",1591721298-8828,[1889]
520,['September'],1591721298-8277,[1885]
521,['December'],1591721298-8842,[1889]
522,['June'],1591721298-8919,[1890]
523,['May'],1591721298-8584,[1888]
524,[],1591721298-9071,[1887]
525,['November'],1591721298-8817,[1889]
526,['July'],1591721298-8612,[1888]
527,['December'],1591721298-8838,[1889]
528,['May'],1591721298-9054,[1884]
529,"['November', 'December']",1591721298-8683,[1888]
530,['October'],1591721298-8982,[1881]
531,[],1591721298-8148,"[1884, 1885]"
532,[],1591721298-8490,[1887]
533,['May'],1591721298-8249,[1885]
534,['November'],1591721298-9166,[1883]
535,['May'],1591721298-8875,[1890]
536,['August'],1591721298-8112,[1883]
537,[],1591721298-8461,[1887]
538,['December'],1591721298-9122,[1881]
539,['April'],1591721298-8576,[1888]
540,['September'],1591721298-9224,[1889]
541,[],1591721298-8437,[1887]
542,['September'],1591721298-8283,[1885]
543,['May'],1591721298-8876,[1890]
544,['April'],1591721298-9180,[1885]
545,['January'],1591721298-8707,[1889]
546,['January'],1591721298-8181,[1885]
547,['December'],1591721298-8172,[1884]
548,['August'],1591721298-9063,[1885]
549,[],1591721298-8331,[1886]
550,['November'],1591721298-8313,[1885]
551,['April'],1591721298-9191,[1888]
552,['August'],1591721298-8627,[1888]
553,[],1591721298-8359,[1886]
554,[],1591721298-8398,[1886]
555,['June'],1591721298-8252,[1885]
556,['July'],1591721298-8938,[1890]
557,['August'],1591721298-8089,[1882]
558,"['April', 'May']",1591721298-8862,[1890]
559,[],1591721298-8439,[1887]
560,['May'],1591721298-8737,[1889]
561,['July'],1591721298-8940,[1890]
562,['June'],1591721298-8922,[1890]
563,['April'],1591721298-8575,[1888]
564,['June'],1591721298-8899,[1890]
565,['January'],1591721298-8120,[1884]
566,['January'],1591721298-8993,[1882]
567,['May'],1591721298-9151,[1883]
568,[],1591721298-8423,[1887]
569,['August'],1591721298-8095,[1882]
570,['October'],1591721298-8298,[1885]
571,['June'],1591721298-8956,[1881]
572,['January'],1591721298-8704,[1889]
573,['March'],1591721298-9148,[1883]
574,[],1591721298-8139,[1884]
575,[],1591721298-8343,[1886]
576,[],1591721298-8491,[1887]
577,['July'],1591721298-9001,[1882]
578,['September'],1591721298-9138,[1882]
579,['July'],1591721298-8934,[1890]
580,['December'],1591721298-8831,[1889]
581,['June'],1591721298-9080,[1888]
582,['May'],1591721298-9193,[1888]
583,[],1591721298-8353,[1886]
584,['June'],1591721298-8743,[1889]
585,['September'],1591721298-9139,[1882]
586,[],1591721298-8415,[1886]
587,['February'],1591721298-8849,[1890]
588,['June'],1591721298-8907,[1890]
589,[],1591721298-8525,[1887]
590,"['September', 'October']",1591721298-8294,[1885]
591,['August'],1591721298-8623,[1888]
592,['October'],1591721298-8663,[1888]
593,['May'],1591721298-8130,[1884]
594,['May'],1591721298-8887,[1890]
595,[],1591721298-8426,[1887]
596,[],1591721298-8479,[1887]
597,['April'],1591721298-8231,[1885]
598,['April'],1591721298-9177,[1885]
599,['July'],1591721298-8614,[1888]
600,[],1591721298-8546,[1887]
601,['November'],1591721298-8675,[1888]
602,['September'],1591721298-8786,[1889]
603,['October'],1591721298-8661,[1888]
604,['November'],1591721298-9067,[1885]
605,['February'],1591721298-8848,[1890]
606,['October'],1591721298-8967,[1881]
607,[],1591721298-8449,[1887]
608,[],1591721298-8432,[1887]
609,['October'],1591721298-8972,[1881]
610,['July'],1591721298-9156,[1883]
611,['May'],1591721298-8879,[1890]
612,['September'],1591721298-8288,[1885]
613,['May'],1591721298-9092,[1889]
614,['April'],1591721298-8234,[1885]
615,[],1591721298-8393,[1886]
616,['October'],1591721298-8806,[1889]
617,['July'],1591721298-8613,[1888]
618,['June'],1591721298-9082,[1888]
619,['June'],1591721298-8591,[1888]
620,['September'],1591721298-9012,[1882]
621,[],1591721298-8452,[1887]
622,['November'],1591721298-8309,[1885]
623,"['May', 'June']",1591721298-8888,[1890]
624,['May'],1591721298-9056,[1884]
625,[],1591721298-8445,[1887]
626,[],1591721298-8514,[1887]
627,['October'],1591721298-8115,[1883]
628,['September'],1591721298-8960,[1881]
629,['September'],1591721298-8780,[1889]
630,['June'],1591721298-8594,[1888]
631,['July'],1591721298-8935,[1890]
632,"['November', 'December']",1591721298-8827,[1889]
633,[],1591721298-8319,"[1885, 1886]"
634,['May'],1591721298-9057,[1884]
635,['March'],1591721298-8560,[1888]
636,['March'],1591721298-8218,[1885]
637,['October'],1591721298-8664,[1888]
638,['June'],1591721298-8928,[1890]
639,[],1591721298-8322,[1886]
640,['June'],1591721298-8593,[1888]
641,[],1591721298-8336,[1886]
642,['December'],1591721298-8169,[1884]
643,['December'],1591721298-8829,[1889]
644,['September'],1591721298-9020,[1882]
645,['August'],1591721298-8108,[1883]
646,['April'],1591721298-8577,[1888]
647,['January'],1591721298-8190,[1885]
648,['October'],1591721298-8805,[1889]
649,['September'],1591721298-9112,[1881]
650,"['February', 'March']",1591721298-8203,[1885]
651,['April'],1591721298-9076,[1888]
652,['February'],1591721298-8718,[1889]
653,['September'],1591721298-8771,[1889]
654,['October'],1591721298-8145,[1884]
655,['November'],1591721298-9059,[1884]
656,[],1591721298-8539,[1887]
657,['June'],1591721298-9079,[1888]
658,['November'],1591721298-8150,[1884]
659,[],1591721298-8357,[1886]
660,['October'],1591721298-9116,[1881]
661,['August'],1591721298-8634,[1888]
662,['April'],1591721298-8101,[1883]
663,['June'],1591721298-8894,[1890]
664,['October'],1591721298-9041,[1883]
665,['December'],1591721298-9120,[1881]
666,['September'],1591721298-8775,[1889]
667,[],1591721298-8495,[1887]
668,['January'],1591721298-8715,[1889]
669,['August'],1591721298-8100,[1882]
670,['March'],1591721298-8563,[1888]
671,['March'],1591721298-8206,[1885]
672,['September'],1591721298-8784,[1889]
673,['August'],1591721298-9205,[1888]
674,['May'],1591721298-9055,[1884]
675,['February'],1591721298-8551,[1888]
676,['June'],1591721298-8608,[1888]
677,[],1591721298-8474,[1887]
678,['April'],1591721298-8726,[1889]
679,['September'],1591721298-8275,[1885]
680,['May'],1591721298-8738,[1889]
681,['May'],1591721298-8872,[1890]
682,['December'],1591721298-8696,[1888]
683,['November'],1591721298-8151,[1884]
684,['July'],1591721298-8937,[1890]
685,[],1591721298-8348,[1886]
686,['September'],1591721298-8281,[1885]
687,['October'],1591721298-9212,[1888]
688,[],1591721298-8447,[1887]
689,[],1591721298-8505,[1887]
690,[],1591721298-8465,[1887]
691,[],1591721298-9075,[1887]
692,[],1591721298-8409,[1886]
693,['December'],1591721298-8173,[1884]
694,['May'],1591721298-8883,[1890]
695,['November'],1591721298-8813,[1889]
696,['August'],1591721298-9173,[1884]
697,['June'],1591721298-9152,[1883]
698,['March'],1591721298-9187,[1888]
699,[],1591721298-8412,[1886]
700,['January'],1591721298-8182,[1885]
701,['June'],1591721298-8893,[1890]
702,['April'],1591721298-8723,[1889]
703,"['September', 'October']",1591721298-8295,[1885]
704,[],1591721298-8378,[1886]
705,[],1591721298-8537,[1887]
706,['June'],1591721298-8924,[1890]
707,['September'],1591721298-8113,[1883]
708,['November'],1591721298-8156,[1884]
709,['November'],1591721298-8310,[1885]
710,['July'],1591721298-8946,[1890]
711,['May'],1591721298-9222,[1889]
712,['July'],1591721298-9006,[1882]
713,[],1591721298-8485,[1887]
714,['June'],1591721298-9202,[1888]
715,['February'],1591721298-8549,[1888]
716,['March'],1591721298-9149,[1883]
717,['January'],1591721298-8711,[1889]
718,['September'],1591721298-9085,[1888]
719,['May'],1591721298-9181,[1885]
720,['February'],1591721298-8200,[1885]
721,['January'],1591721298-9127,[1882]
722,['November'],1591721298-8823,[1889]
723,['June'],1591721298-8898,[1890]
724,['August'],1591721298-8633,[1888]
725,['November'],1591721298-9104,[1882]
726,['October'],1591721298-8976,[1881]
727,['October'],1591721298-8981,[1881]
728,[],1591721298-8507,[1887]
729,[],1591721298-8477,[1887]
730,['July'],1591721298-8952,[1890]
731,['March'],1591721298-8207,[1885]
732,[],1591721298-8429,[1887]
733,[],1591721298-8536,[1887]
734,['October'],1591721298-9184,[1885]
735,[],1591721298-8473,[1887]
736,['March'],1591721298-9146,[1883]
737,[],1591721298-8411,[1886]
738,['January'],1591721298-9124,[1882]
739,['November'],1591721298-8673,[1888]
740,['June'],1591721298-8923,[1890]
741,['March'],1591721298-8217,[1885]
742,[],1591721298-8337,[1886]
743,['July'],1591721298-9236,[1890]
744,['July'],1591721298-9132,[1882]
745,[],1591721298-8391,[1886]
746,['April'],1591721298-8571,[1888]
747,['May'],1591721298-8583,[1888]
748,['November'],1591721298-9101,[1882]
749,['September'],1591721298-8284,[1885]
750,['March'],1591721298-9145,[1883]
751,['April'],1591721298-8573,[1888]
752,[],1591721298-9069,[1887]
753,['October'],1591721298-8118,[1883]
754,['May'],1591721298-8736,[1889]
755,"['November', 'December']",1591721298-8682,[1888]
756,['August'],1591721298-8102,[1883]
757,['October'],1591721298-9207,[1888]
758,[],1591721298-8361,[1886]
759,['March'],1591721298-8220,[1885]
760,['June'],1591721298-8891,[1890]
761,"['April', 'May']",1591721298-8865,[1890]
762,['May'],1591721298-8588,[1888]
763,[],1591721298-8347,[1886]
764,['March'],1591721298-8216,[1885]
765,['December'],1591721298-8698,[1888]
766,['May'],1591721298-8248,[1885]
767,['October'],1591721298-8801,[1889]
768,['March'],1591721298-8208,[1885]
769,"['February', 'March']",1591721298-8204,[1885]
770,['October'],1591721298-8969,[1881]
771,['September'],1591721298-8142,[1884]
772,['October'],1591721298-8301,[1885]
773,['January'],1591721298-8187,[1885]
774,[],1591721298-8488,[1887]
775,['December'],1591721298-8836,[1889]
776,['September'],1591721298-9019,[1882]
777,['May'],1591721298-8871,[1890]
778,['December'],1591721298-8318,[1885]
779,['October'],1591721298-8980,[1881]
780,['January'],1591721298-8193,[1885]
781,['June'],1591721298-8914,[1890]
782,['November'],1591721298-8312,[1885]
783,['March'],1591721298-8222,[1885]
784,"['March', 'April']",1591721298-8858,[1890]
785,['May'],1591721298-9090,[1889]
786,['August'],1591721298-8637,[1888]
787,['April'],1591721298-8124,[1884]
788,['November'],1591721298-8821,[1889]
789,['November'],1591721298-8674,[1888]
790,['August'],1591721298-8625,[1888]
791,[],1591721298-8472,[1887]
792,['November'],1591721298-8819,[1889]
793,['August'],1591721298-8957,[1881]
794,['May'],1591721298-9221,[1889]
795,['September'],1591721298-8772,[1889]
796,['March'],1591721298-8219,[1885]
797,[],1591721298-8466,[1887]
798,['December'],1591721298-8843,[1889]
799,"['July', 'August']",1591721298-8954,[1879]
800,['September'],1591721298-8114,[1883]
801,[],1591721298-8329,[1886]
802,['March'],1591721298-9029,[1883]
803,['July'],1591721298-8949,[1890]
804,['May'],1591721298-9226,[1890]
805,['September'],1591721298-8964,[1881]
806,['December'],1591721298-8170,[1884]
807,['July'],1591721298-8134,[1884]
808,[],1591721298-8404,[1886]
809,['July'],1591721298-9231,[1890]
810,[],1591721298-8504,[1887]
811,['August'],1591721298-9135,[1882]
812,['May'],1591721298-8132,[1884]
813,['August'],1591721298-8110,[1883]
814,[],1591721298-8402,[1886]
815,['September'],1591721298-8965,[1881]
816,['September'],1591721298-9111,[1881]
817,['March'],1591721298-8215,[1885]
818,['June'],1591721298-8918,[1890]
819,['October'],1591721298-9161,[1883]
820,[],1591721298-8334,[1886]
821,[],1591721298-8527,[1887]
822,"['November', 'December']",1591721298-8688,[1888]
823,['February'],1591721298-8121,[1884]
824,['October'],1591721298-8659,[1888]
825,"['November', 'December']",1591721298-8684,[1888]
826,['July'],1591721298-9002,[1882]
827,[],1591721298-8356,[1886]
828,['April'],1591721298-9033,[1883]
829,['January'],1591721298-9168,[1884]
830,['September'],1591721298-8961,[1881]
831,['July'],1591721298-9235,[1890]
832,['June'],1591721298-8753,[1889]
833,[],1591721298-8482,[1887]
834,['March'],1591721298-8209,[1885]
835,['March'],1591721298-8210,[1885]
836,['October'],1591721298-8790,[1889]
837,['June'],1591721298-8900,[1890]
838,['June'],1591721298-8996,[1882]
839,['January'],1591721298-8706,[1889]
840,['June'],1591721298-8603,[1888]
841,['July'],1591721298-9000,[1882]
842,['September'],1591721298-9009,[1882]
843,['October'],1591721298-9164,[1883]
844,[],1591721298-8416,[1886]
845,['October'],1591721298-8303,[1885]
846,['July'],1591721298-8263,[1885]
847,['May'],1591721298-8880,[1890]
848,[],1591721298-8484,[1887]
849,['February'],1591721298-9053,[1884]
850,['June'],1591721298-8921,[1890]
851,['August'],1591721298-8271,[1885]
852,['October'],1591721298-8304,[1885]
853,['August'],1591721298-9065,[1885]
854,['May'],1591721298-9225,[1890]
855,['October'],1591721298-9025,[1882]
856,['July'],1591721298-8762,[1889]
857,"['November', 'December']",1591721298-8086,[1881]
858,['October'],1591721298-8665,[1888]
859,[],1591721298-8494,[1887]
860,['June'],1591721298-9201,[1888]
861,['November'],1591721298-8678,[1888]
862,[],1591721298-8175,"[1884, 1885]"
863,['June'],1591721298-8750,[1889]
864,['May'],1591721298-8247,[1885]
865,['November'],1591721298-8154,[1884]
866,['July'],1591721298-8761,[1889]
867,['September'],1591721298-8785,[1889]
868,[],1591721298-8380,[1886]
869,['September'],1591721298-8777,[1889]
870,['June'],1591721298-9078,[1888]
871,[],1591721298-8342,[1886]
872,['January'],1591721298-8185,[1885]
873,['September'],1591721298-8776,[1889]
874,['March'],1591721298-8123,[1884]
875,['June'],1591721298-8251,[1885]
876,[],1591721298-8367,[1886]
877,['September'],1591721298-8644,[1888]
878,['December'],1591721298-8690,[1888]
879,['October'],1591721298-9024,[1882]
880,['September'],1591721298-9016,[1882]
881,[],1591721298-8431,[1887]
882,['October'],1591721298-9117,[1881]
883,[],1591721298-8534,[1887]
884,['June'],1591721298-8925,[1890]
885,['April'],1591721298-8733,[1889]
886,['May'],1591721298-8868,[1890]
887,['June'],1591721298-9172,[1884]
888,['September'],1591721298-8279,[1885]
889,['May'],1591721298-9061,[1885]
890,[],1591721298-8327,[1886]
891,['October'],1591721298-8144,[1884]
892,['September'],1591721298-8276,[1885]
893,[],1591721298-8374,[1886]
894,['April'],1591721298-8232,[1885]
895,['September'],1591721298-9014,[1882]
896,['September'],1591721298-8280,[1885]
897,"['January', 'February']",1591721298-9174,[1885]
898,['July'],1591721298-9204,[1888]
899,[],1591721298-8517,[1887]
900,['December'],1591721298-8703,[1888]
901,['July'],1591721298-9035,[1883]
902,['July'],1591721298-8932,[1890]
903,['June'],1591721298-8755,[1889]
904,['August'],1591721298-8091,[1882]
905,['June'],1591721298-8589,[1888]
906,['August'],1591721298-8640,[1888]
907,['September'],1591721298-8766,[1889]
908,['August'],1591721298-8619,[1888]
909,['June'],1591721298-9227,[1890]
910,['April'],1591721298-9171,[1884]
911,['November'],1591721298-8811,[1889]
912,['March'],1591721298-8554,[1888]
913,['June'],1591721298-8920,[1890]
914,"['July', 'August']",1591721298-8266,[1885]
915,"['March', 'April']",1591721298-8228,[1885]
916,"['November', 'December']",1591721298-8687,[1888]
917,['July'],1591721298-8950,[1890]
918,['April'],1591721298-8720,[1889]
919,['July'],1591721298-9105,[1883]
920,['November'],1591721298-8162,[1884]
921,['December'],1591721298-8168,[1884]
922,[],1591721298-8394,[1886]
923,['December'],1591721298-8695,[1888]
924,['February'],1591721298-8198,[1885]
925,[],1591721298-8463,[1887]
926,['July'],1591721298-9234,[1890]
927,"['November', 'December']",1591721298-8686,[1888]
928,[],1591721298-8358,[1886]
929,['January'],1591721298-8712,[1889]
930,['April'],1591721298-8732,[1889]
931,[],1591721298-8417,[1887]
932,['July'],1591721298-8942,[1890]
933,['June'],1591721298-8748,[1889]
934,['January'],1591721298-9126,[1882]
935,[],1591721298-8341,[1886]
936,[],1591721298-8376,[1886]
937,['June'],1591721298-8908,[1890]
938,[],1591721298-8379,[1886]
939,['July'],1591721298-9004,[1882]
940,['May'],1591721298-8580,[1888]
941,['February'],1591721298-8548,[1888]
942,[],1591721298-8147,"[1884, 1885]"
943,[],1591721298-8407,[1886]
944,"['April', 'May']",1591721298-8866,[1890]
945,['July'],1591721298-9203,[1888]
946,"['October', 'November']",1591721298-8808,[1889]
947,['June'],1591721298-8256,[1885]
948,['April'],1591721298-9129,[1882]
949,['July'],1591721298-8939,[1890]
950,['May'],1591721298-8587,[1888]
951,['November'],1591721298-8149,[1884]
952,['September'],1591721298-8958,[1881]
953,['January'],1591721298-9169,[1884]
954,['January'],1591721298-8191,[1885]
955,['November'],1591721298-8152,[1884]
956,['July'],1591721298-8998,[1882]
957,['January'],1591721298-8846,[1890]
958,['October'],1591721298-9209,[1888]
959,['April'],1591721298-9188,[1888]
960,['November'],1591721298-9026,[1882]
961,['September'],1591721298-8287,[1885]
962,['November'],1591721298-8676,[1888]
963,['August'],1591721298-8103,[1883]
964,[],1591721298-8364,[1886]
965,[],1591721298-8521,[1887]
966,['July'],1591721298-8760,[1889]
967,[],1591721298-8349,[1886]
968,['May'],1591721298-8245,[1885]
969,[],1591721298-8335,[1886]
970,[],1591721298-8373,[1886]
971,['November'],1591721298-8159,[1884]
972,['October'],1591721298-9165,[1883]
973,['November'],1591721298-9100,[1882]
974,['March'],1591721298-8212,[1885]
975,['April'],1591721298-9192,[1888]
976,"['November', 'December']",1591721298-8825,[1889]
977,['November'],1591721298-8671,[1888]
978,['June'],1591721298-8902,[1890]
979,['July'],1591721298-8262,[1885]
980,['December'],1591721298-9123,[1881]
981,['October'],1591721298-8799,[1889]
982,['August'],1591721298-8093,[1882]
983,['January'],1591721298-8845,[1890]
984,['October'],1591721298-8793,[1889]
985,['September'],1591721298-9011,[1882]
986,['November'],1591721298-8810,[1889]
987,['April'],1591721298-8574,[1888]
988,['July'],1591721298-9007,[1882]
989,['January'],1591721298-8991,[1882]
990,['October'],1591721298-9211,[1888]
991,['May'],1591721298-8242,[1885]
992,['August'],1591721298-8092,[1882]
993,['April'],1591721298-8570,[1888]
994,['March'],1591721298-8558,[1888]
995,['January'],1591721298-8844,[1890]
996,[],1591721298-8382,[1886]
997,['April'],1591721298-9107,[1885]
998,['September'],1591721298-9018,[1882]
999,['March'],1591721298-8213,[1885]
1000,['June'],1591721298-8607,[1888]
1001,[],1591721298-8321,[1886]
1002,"['April', 'May']",1591721298-8955,[1881]
1003,"['September', 'October']",1591721298-8296,[1885]
1004,['December'],1591721298-8693,[1888]
1005,[],1591721298-8355,[1886]
1006,['October'],1591721298-8977,[1881]
1007,['October'],1591721298-8305,[1885]
1008,['June'],1591721298-8257,[1885]
1009,['March'],1591721298-8223,[1885]
1010,['October'],1591721298-9214,[1888]
1011,['January'],1591721298-8990,[1882]
1012,['August'],1591721298-8097,[1882]
1013,['October'],1591721298-8975,[1881]
1014,[],1591721298-8509,[1887]
1015,[],1591721298-8475,[1887]
1016,[],1591721298-8531,[1887]
1017,['June'],1591721298-9154,[1883]
1018,[],1591721298-9073,[1887]
1019,['September'],1591721298-8774,[1889]
1020,['January'],1591721298-8708,[1889]
1021,['June'],1591721298-8742,[1889]
1022,[],1591721298-8457,[1887]
1023,['October'],1591721298-8979,[1881]
1024,['June'],1591721298-8602,[1888]
1025,['June'],1591721298-8916,[1890]
1026,['May'],1591721298-9091,[1889]
1027,['December'],1591721298-8316,[1885]
1028,[],1591721298-8420,[1887]
1029,['October'],1591721298-8795,[1889]
1030,"['March', 'April']",1591721298-8861,[1890]
1031,[],1591721298-8523,[1887]
1032,['May'],1591721298-8740,[1889]
1033,['August'],1591721298-8638,[1888]
1034,['August'],1591721298-8622,[1888]
1035,['September'],1591721298-9021,[1882]
1036,[],1591721298-8496,[1887]
1037,['September'],1591721298-9136,[1882]
1038,['January'],1591721298-8714,[1889]
1039,['June'],1591721298-8595,[1888]
1040,['March'],1591721298-8225,[1885]
1041,[],1591721298-8413,[1886]
1042,['September'],1591721298-8654,[1888]
1043,['September'],1591721298-8290,[1885]
1044,[],1591721298-8177,"[1884, 1885]"
1045,"['April', 'May']",1591721298-8863,[1890]
1046,['May'],1591721298-8884,[1890]
1047,['December'],1591721298-8171,[1884]
1048,[],1591721298-8656,[1888]
1049,"['May', 'June']",1591721298-8741,[1889]
1050,['February'],1591721298-8194,[1885]
1051,['September'],1591721298-9142,[1882]
1052,['January'],1591721298-8992,[1882]
1053,['November'],1591721298-8308,[1885]
1054,['October'],1591721298-8789,[1889]
1055,['June'],1591721298-9223,[1889]
1056,['September'],1591721298-8962,[1881]
1057,['July'],1591721298-9158,[1883]
1058,[],1591721298-8455,[1887]
1059,['May'],1591721298-8246,[1885]
1060,['June'],1591721298-8254,[1885]
1061,"['March', 'April']",1591721298-8229,[1885]
1062,[],1591721298-8332,[1886]
1063,[],1591721298-8325,[1886]
1064,['December'],1591721298-9046,[1883]
1065,['October'],1591721298-8796,[1889]
1066,['December'],1591721298-8841,[1889]
1067,"['February', 'March']",1591721298-8202,[1885]
1068,['October'],1591721298-9038,[1883]
1069,['June'],1591721298-8754,[1889]
1070,['September'],1591721298-8651,[1888]
1071,['September'],1591721298-8285,[1885]
1072,['June'],1591721298-9081,[1888]
1073,['March'],1591721298-8224,[1885]
1074,['October'],1591721298-8802,[1889]
1075,['October'],1591721298-9144,[1882]
1076,['June'],1591721298-8917,[1890]
1077,"['May', 'June']",1591721298-8889,[1890]
1078,['July'],1591721298-8611,[1888]
1079,['April'],1591721298-8727,[1889]
1080,"['September', 'October']",1591721298-8292,[1885]
1081,[],1591721298-8395,[1886]
1082,['March'],1591721298-9032,[1883]
1083,['May'],1591721298-8129,[1884]
1084,[],1591721298-8427,[1887]
1085,['October'],1591721298-9040,[1883]
1086,['December'],1591721298-8830,[1889]
1087,['January'],1591721298-9125,[1882]
1088,['August'],1591721298-8104,[1883]
1089,[],1591721298-8178,"[1884, 1885]"
1090,['March'],1591721298-8557,[1888]
1091,[],1591721298-8458,[1887]
1092,['August'],1591721298-9183,[1885]
1093,['September'],1591721298-8959,[1881]
1094,[],1591721298-8375,[1886]
1095,[],1591721298-8540,[1887]
1096,['June'],1591721298-8926,[1890]
1097,[],1591721298-8513,[1887]
1098,['June'],1591721298-9196,[1888]
1099,['June'],1591721298-8596,[1888]
1100,['June'],1591721298-8756,[1889]
1101,['April'],1591721298-8731,[1889]
1102,['June'],1591721298-8599,[1888]
1103,[],1591721298-9074,[1887]
1104,['December'],1591721298-9050,[1883]
1105,['August'],1591721298-8109,[1883]
1106,['June'],1591721298-8752,[1889]
1107,['September'],1591721298-9114,[1881]
1108,['September'],1591721298-8642,[1888]
1109,['April'],1591721298-9190,[1888]
1110,['November'],1591721298-9218,[1888]
1111,[],1591721298-8469,[1887]
1112,[],1591721298-8526,[1887]
1113,['December'],1591721298-8988,[1881]
1114,['June'],1591721298-8901,[1890]
1115,"['May', 'June']",1591721298-8890,[1890]
1116,[],1591721298-8340,[1886]
1117,['November'],1591721298-8161,[1884]
1118,[],1591721298-8435,[1887]
1119,[],1591721298-8363,[1886]
1120,['April'],1591721298-8567,[1888]
1121,['November'],1591721298-8163,[1884]
1122,['February'],1591721298-8851,[1890]
1123,['October'],1591721298-9119,[1881]
1124,['March'],1591721298-8556,[1888]
1125,[],1591721298-8403,[1886]
1126,['July'],1591721298-8757,[1889]
1127,['July'],1591721298-8997,[1882]
1128,['July'],1591721298-9237,[1890]
1129,['January'],1591721298-8709,[1889]
1130,['May'],1591721298-8128,[1884]
1131,['August'],1591721298-8621,[1888]
1132,['October'],1591721298-8658,[1888]
1133,['December'],1591721298-8702,[1888]
1134,[],1591721298-8443,[1887]
1135,['September'],1591721298-9037,[1883]
1136,['May'],1591721298-8241,[1885]
1137,[],1591721298-8512,[1887]
1138,['July'],1591721298-8136,[1884]
1139,['December'],1591721298-8986,[1881]
1140,['January'],1591721298-8186,[1885]
1141,[],1591721298-8441,[1887]
1142,['July'],1591721298-9005,[1882]
1143,['January'],1591721298-9170,[1884]
1144,['November'],1591721298-8822,[1889]
1145,['May'],1591721298-9108,[1890]
1146,[],1591721298-8530,[1887]
1147,[],1591721298-8176,"[1884, 1885]"
1148,['October'],1591721298-8804,[1889]
1149,[],1591721298-8456,[1887]
1150,['December'],1591721298-8699,[1888]
1151,['December'],1591721298-8174,[1884]
